-- phpMyAdmin SQL Dump
-- version 5.2.1
-- https://www.phpmyadmin.net/
--
-- Host: 127.0.0.1
-- Waktu pembuatan: 18 Apr 2025 pada 15.43
-- Versi server: 10.4.32-MariaDB
-- Versi PHP: 8.2.12

SET SQL_MODE = "NO_AUTO_VALUE_ON_ZERO";
START TRANSACTION;
SET time_zone = "+00:00";


/*!40101 SET @OLD_CHARACTER_SET_CLIENT=@@CHARACTER_SET_CLIENT */;
/*!40101 SET @OLD_CHARACTER_SET_RESULTS=@@CHARACTER_SET_RESULTS */;
/*!40101 SET @OLD_COLLATION_CONNECTION=@@COLLATION_CONNECTION */;
/*!40101 SET NAMES utf8mb4 */;

--
-- Database: `restodapuraynie`
--

-- --------------------------------------------------------

--
-- Struktur dari tabel `tb_detail_order`
--

CREATE TABLE `tb_detail_order` (
  `id_dorder` int(11) NOT NULL,
  `check_available` int(11) NOT NULL,
  `id_order` varchar(50) NOT NULL,
  `id_masakan` int(11) NOT NULL,
  `keterangan_dorder` text DEFAULT NULL,
  `jumlah_dorder` int(11) NOT NULL,
  `hartot_dorder` int(11) NOT NULL,
  `id_user` int(11) NOT NULL,
  `status_dorder` int(11) NOT NULL
) ENGINE=InnoDB DEFAULT CHARSET=latin1 COLLATE=latin1_swedish_ci;

--
-- Dumping data untuk tabel `tb_detail_order`
--

INSERT INTO `tb_detail_order` (`id_dorder`, `check_available`, `id_order`, `id_masakan`, `keterangan_dorder`, `jumlah_dorder`, `hartot_dorder`, `id_user`, `status_dorder`) VALUES
(73, 1, 'ORD0001', 37, '', 1, 13000, 13, 1),
(74, 2, 'ORD0002', 38, '', 1, 8000, 1, 1),
(75, 3, 'ORD0003', 36, '', 1, 13000, 13, 1),
(76, 3, 'ORD0003', 38, '', 1, 8000, 13, 1),
(77, 4, 'ORD0004', 36, '', 1, 13000, 6, 1);

-- --------------------------------------------------------

--
-- Struktur dari tabel `tb_level`
--

CREATE TABLE `tb_level` (
  `id_level` int(11) NOT NULL,
  `level` varchar(128) NOT NULL
) ENGINE=InnoDB DEFAULT CHARSET=latin1 COLLATE=latin1_swedish_ci;

--
-- Dumping data untuk tabel `tb_level`
--

INSERT INTO `tb_level` (`id_level`, `level`) VALUES
(1, 'Administrator'),
(2, 'Waiter'),
(3, 'Kasir'),
(4, 'Owner'),
(5, 'Pelanggan');

-- --------------------------------------------------------

--
-- Struktur dari tabel `tb_masakan`
--

CREATE TABLE `tb_masakan` (
  `id_masakan` int(11) NOT NULL,
  `kategori_masakan` varchar(128) NOT NULL,
  `nama_masakan` varchar(128) NOT NULL,
  `harga_masakan` int(128) NOT NULL,
  `foto` varchar(255) NOT NULL,
  `status_masakan` int(1) NOT NULL
) ENGINE=InnoDB DEFAULT CHARSET=latin1 COLLATE=latin1_swedish_ci;

--
-- Dumping data untuk tabel `tb_masakan`
--

INSERT INTO `tb_masakan` (`id_masakan`, `kategori_masakan`, `nama_masakan`, `harga_masakan`, `foto`, `status_masakan`) VALUES
(36, 'Makanan', 'Ayam Geprek Sambal Bawang', 13000, '29032025211720ayamgepreksambalbawang.jpg', 1),
(37, 'Makanan', 'Rice Bowl Ayam Teriyaki', 13000, '29032025211751ricebowlteriyaki.jpg', 1),
(38, 'Minuman', 'Es Milo', 8000, '29032025211848esmilo.jpg', 1);

-- --------------------------------------------------------

--
-- Struktur dari tabel `tb_meja`
--

CREATE TABLE `tb_meja` (
  `meja_id` varchar(50) NOT NULL,
  `status` int(11) NOT NULL
) ENGINE=InnoDB DEFAULT CHARSET=latin1 COLLATE=latin1_swedish_ci;

--
-- Dumping data untuk tabel `tb_meja`
--

INSERT INTO `tb_meja` (`meja_id`, `status`) VALUES
('1', 0),
('2', 0),
('3', 0),
('4', 0),
('take-away', 1);

-- --------------------------------------------------------

--
-- Struktur dari tabel `tb_order`
--

CREATE TABLE `tb_order` (
  `id_order` varchar(50) NOT NULL,
  `meja_order` int(11) NOT NULL,
  `tanggal_order` int(11) NOT NULL,
  `aTanggal_order` varchar(128) NOT NULL,
  `id_user` int(11) NOT NULL,
  `keterangan_order` text DEFAULT NULL,
  `status_order` varchar(20) NOT NULL
) ENGINE=InnoDB DEFAULT CHARSET=latin1 COLLATE=latin1_swedish_ci;

--
-- Dumping data untuk tabel `tb_order`
--

INSERT INTO `tb_order` (`id_order`, `meja_order`, `tanggal_order`, `aTanggal_order`, `id_user`, `keterangan_order`, `status_order`) VALUES
('ORD0001', 0, 1744873990, '17-04-2025', 13, '', '1'),
('ORD0002', 0, 1744874156, '17-04-2025', 1, '', '1'),
('ORD0003', 0, 1744874701, '17-04-2025', 13, '', '1'),
('ORD0004', 0, 1744874785, '17-04-2025', 6, '', '0');

-- --------------------------------------------------------

--
-- Struktur dari tabel `tb_transaksi`
--

CREATE TABLE `tb_transaksi` (
  `id_transaksi` int(11) NOT NULL,
  `id_user` int(11) DEFAULT NULL,
  `id_order` varchar(50) NOT NULL,
  `tanggal_transaksi` int(11) NOT NULL,
  `aTanggal_transaksi` varchar(50) NOT NULL,
  `hartot_transaksi` int(11) NOT NULL,
  `diskon_transaksi` int(11) NOT NULL,
  `totbar_transaksi` int(11) NOT NULL,
  `uang_transaksi` int(11) NOT NULL,
  `kembalian_transaksi` int(11) NOT NULL
) ENGINE=InnoDB DEFAULT CHARSET=latin1 COLLATE=latin1_swedish_ci;

--
-- Dumping data untuk tabel `tb_transaksi`
--

INSERT INTO `tb_transaksi` (`id_transaksi`, `id_user`, `id_order`, `tanggal_transaksi`, `aTanggal_transaksi`, `hartot_transaksi`, `diskon_transaksi`, `totbar_transaksi`, `uang_transaksi`, `kembalian_transaksi`) VALUES
(33, 13, 'ORD0001', 1744874113, '17-04-2025', 13000, 50, 6500, 10000, 3500),
(34, 1, 'ORD0002', 1744874171, '17-04-2025', 8000, 0, 8000, 10000, 2000),
(35, 13, 'ORD0003', 1744874742, '17-04-2025', 21000, 20, 16800, 20000, 3200);

-- --------------------------------------------------------

--
-- Struktur dari tabel `tb_user`
--

CREATE TABLE `tb_user` (
  `id_user` int(11) NOT NULL,
  `username` varchar(128) NOT NULL,
  `password` varchar(128) NOT NULL,
  `nama_user` varchar(128) NOT NULL,
  `id_level` int(1) NOT NULL
) ENGINE=InnoDB DEFAULT CHARSET=latin1 COLLATE=latin1_swedish_ci;

--
-- Dumping data untuk tabel `tb_user`
--

INSERT INTO `tb_user` (`id_user`, `username`, `password`, `nama_user`, `id_level`) VALUES
(1, 'abdi', '123', 'Ramadhan Abdillah', 1),
(2, 'putri', '123', 'Putri Alianti', 2),
(6, 'elles', '123', 'Ellestiana ', 3),
(7, 'tiara', '123', 'Anandita Tiara Ningtyas', 4),
(13, 'sigma', '1', 'abdul', 5);

--
-- Indexes for dumped tables
--

--
-- Indeks untuk tabel `tb_detail_order`
--
ALTER TABLE `tb_detail_order`
  ADD PRIMARY KEY (`id_dorder`);

--
-- Indeks untuk tabel `tb_level`
--
ALTER TABLE `tb_level`
  ADD PRIMARY KEY (`id_level`);

--
-- Indeks untuk tabel `tb_masakan`
--
ALTER TABLE `tb_masakan`
  ADD PRIMARY KEY (`id_masakan`);

--
-- Indeks untuk tabel `tb_meja`
--
ALTER TABLE `tb_meja`
  ADD PRIMARY KEY (`meja_id`);

--
-- Indeks untuk tabel `tb_order`
--
ALTER TABLE `tb_order`
  ADD PRIMARY KEY (`id_order`);

--
-- Indeks untuk tabel `tb_transaksi`
--
ALTER TABLE `tb_transaksi`
  ADD PRIMARY KEY (`id_transaksi`);

--
-- Indeks untuk tabel `tb_user`
--
ALTER TABLE `tb_user`
  ADD PRIMARY KEY (`id_user`),
  ADD KEY `id_level` (`id_level`);

--
-- AUTO_INCREMENT untuk tabel yang dibuang
--

--
-- AUTO_INCREMENT untuk tabel `tb_detail_order`
--
ALTER TABLE `tb_detail_order`
  MODIFY `id_dorder` int(11) NOT NULL AUTO_INCREMENT, AUTO_INCREMENT=78;

--
-- AUTO_INCREMENT untuk tabel `tb_level`
--
ALTER TABLE `tb_level`
  MODIFY `id_level` int(11) NOT NULL AUTO_INCREMENT, AUTO_INCREMENT=6;

--
-- AUTO_INCREMENT untuk tabel `tb_masakan`
--
ALTER TABLE `tb_masakan`
  MODIFY `id_masakan` int(11) NOT NULL AUTO_INCREMENT, AUTO_INCREMENT=39;

--
-- AUTO_INCREMENT untuk tabel `tb_transaksi`
--
ALTER TABLE `tb_transaksi`
  MODIFY `id_transaksi` int(11) NOT NULL AUTO_INCREMENT, AUTO_INCREMENT=36;

--
-- AUTO_INCREMENT untuk tabel `tb_user`
--
ALTER TABLE `tb_user`
  MODIFY `id_user` int(11) NOT NULL AUTO_INCREMENT, AUTO_INCREMENT=14;
COMMIT;

/*!40101 SET CHARACTER_SET_CLIENT=@OLD_CHARACTER_SET_CLIENT */;
/*!40101 SET CHARACTER_SET_RESULTS=@OLD_CHARACTER_SET_RESULTS */;
/*!40101 SET COLLATION_CONNECTION=@OLD_COLLATION_CONNECTION */;
